sample_id,target,timepoint,condition,rep,read_type,fastq_1,fastq_2,experiment
ribo_01_eIF3d_minusAux_minusHarr_4h_rep1_R1,eIF3d,4h,minusAux,1,ribo,/path/to/data/riboseq/ribo_01_eIF3d_minusAux_minusHarr_4h_rep1_R1.fastq.gz,,eIF3d_4h
ribo_02_eIF3d_minusAux_minusHarr_4h_rep2_R1,eIF3d,4h,minusAux,2,ribo,/path/to/data/riboseq/ribo_02_eIF3d_minusAux_minusHarr_4h_rep2_R1.fastq.gz,,eIF3d_4h
ribo_03_eIF3d_minusAux_minusHarr_4h_rep3_R1,eIF3d,4h,minusAux,3,ribo,/path/to/data/riboseq/ribo_03_eIF3d_minusAux_minusHarr_4h_rep3_R1.fastq.gz,,eIF3d_4h
ribo_04_eIF3d_plusAux_minusHarr_4h_rep1_R1,eIF3d,4h,plusAux,1,ribo,/path/to/data/riboseq/ribo_04_eIF3d_plusAux_minusHarr_4h_rep1_R1.fastq.gz,,eIF3d_4h
ribo_05_eIF3d_plusAux_minusHarr_4h_rep2_R1,eIF3d,4h,plusAux,2,ribo,/path/to/data/riboseq/ribo_05_eIF3d_plusAux_minusHarr_4h_rep2_R1.fastq.gz,,eIF3d_4h
ribo_06_eIF3d_plusAux_minusHarr_4h_rep3_R1,eIF3d,4h,plusAux,3,ribo,/path/to/data/riboseq/ribo_06_eIF3d_plusAux_minusHarr_4h_rep3_R1.fastq.gz,,eIF3d_4h
ribo_07_eIF4E_minusAux_minusHarr_4h_rep1_R1,eIF4E,4h,minusAux,1,ribo,/path/to/data/riboseq/ribo_07_eIF4E_minusAux_minusHarr_4h_rep1_R1.fastq.gz,,eIF4E_4h
ribo_08_eIF4E_minusAux_minusHarr_4h_rep2_R1,eIF4E,4h,minusAux,2,ribo,/path/to/data/riboseq/ribo_08_eIF4E_minusAux_minusHarr_4h_rep2_R1.fastq.gz,,eIF4E_4h
ribo_09_eIF4E_minusAux_minusHarr_4h_rep3_R1,eIF4E,4h,minusAux,3,ribo,/path/to/data/riboseq/ribo_09_eIF4E_minusAux_minusHarr_4h_rep3_R1.fastq.gz,,eIF4E_4h
ribo_10_eIF4E_plusAux_minusHarr_4h_rep1_R1,eIF4E,4h,plusAux,1,ribo,/path/to/data/riboseq/ribo_10_eIF4E_plusAux_minusHarr_4h_rep1_R1.fastq.gz,,eIF4E_4h
ribo_11_eIF4E_plusAux_minusHarr_4h_rep2_R1,eIF4E,4h,plusAux,2,ribo,/path/to/data/riboseq/ribo_11_eIF4E_plusAux_minusHarr_4h_rep2_R1.fastq.gz,,eIF4E_4h
ribo_12_eIF4E_plusAux_minusHarr_4h_rep3_R1,eIF4E,4h,plusAux,3,ribo,/path/to/data/riboseq/ribo_12_eIF4E_plusAux_minusHarr_4h_rep3_R1.fastq.gz,,eIF4E_4h
ribo_13_eIF4G1_minusAux_minusHarr_4h_rep1_R1,eIF4G1,4h,minusAux,1,ribo,/path/to/data/riboseq/ribo_13_eIF4G1_minusAux_minusHarr_4h_rep1_R1.fastq.gz,,eIF4G1_4h
ribo_14_eIF4G1_minusAux_minusHarr_4h_rep2_R1,eIF4G1,4h,minusAux,2,ribo,/path/to/data/riboseq/ribo_14_eIF4G1_minusAux_minusHarr_4h_rep2_R1.fastq.gz,,eIF4G1_4h
ribo_15_eIF4G1_minusAux_minusHarr_4h_rep3_R1,eIF4G1,4h,minusAux,3,ribo,/path/to/data/riboseq/ribo_15_eIF4G1_minusAux_minusHarr_4h_rep3_R1.fastq.gz,,eIF4G1_4h
ribo_16_eIF4G1_plusAux_minusHarr_4h_rep1_R1,eIF4G1,4h,plusAux,1,ribo,/path/to/data/riboseq/ribo_16_eIF4G1_plusAux_minusHarr_4h_rep1_R1.fastq.gz,,eIF4G1_4h
ribo_17_eIF4G1_plusAux_minusHarr_4h_rep2_R1,eIF4G1,4h,plusAux,2,ribo,/path/to/data/riboseq/ribo_17_eIF4G1_plusAux_minusHarr_4h_rep2_R1.fastq.gz,,eIF4G1_4h
ribo_18_eIF4G1_plusAux_minusHarr_4h_rep3_R1,eIF4G1,4h,plusAux,3,ribo,/path/to/data/riboseq/ribo_18_eIF4G1_plusAux_minusHarr_4h_rep3_R1.fastq.gz,,eIF4G1_4h
ribo_19_eIF4G2_minusAux_minusHarr_4h_rep1_R1,eIF4G2,4h,minusAux,1,ribo,/path/to/data/riboseq/ribo_19_eIF4G2_minusAux_minusHarr_4h_rep1_R1.fastq.gz,,eIF4G2_4h
ribo_20_eIF4G2_minusAux_minusHarr_4h_rep2_R1,eIF4G2,4h,minusAux,2,ribo,/path/to/data/riboseq/ribo_20_eIF4G2_minusAux_minusHarr_4h_rep2_R1.fastq.gz,,eIF4G2_4h
ribo_21_eIF4G2_minusAux_minusHarr_4h_rep3_R1,eIF4G2,4h,minusAux,3,ribo,/path/to/data/riboseq/ribo_21_eIF4G2_minusAux_minusHarr_4h_rep3_R1.fastq.gz,,eIF4G2_4h
ribo_22_eIF4G2_plusAux_minusHarr_4h_rep1_R1,eIF4G2,4h,plusAux,1,ribo,/path/to/data/riboseq/ribo_22_eIF4G2_plusAux_minusHarr_4h_rep1_R1.fastq.gz,,eIF4G2_4h
ribo_23_eIF4G2_plusAux_minusHarr_4h_rep2_R1,eIF4G2,4h,plusAux,2,ribo,/path/to/data/riboseq/ribo_23_eIF4G2_plusAux_minusHarr_4h_rep2_R1.fastq.gz,,eIF4G2_4h
ribo_24_eIF4G2_plusAux_minusHarr_4h_rep3_R1,eIF4G2,4h,plusAux,3,ribo,/path/to/data/riboseq/ribo_24_eIF4G2_plusAux_minusHarr_4h_rep3_R1.fastq.gz,,eIF4G2_4h
ribo_25_eIF4G3_minusAux_minusHarr_4h_rep1_R1,eIF4G3,4h,minusAux,1,ribo,/path/to/data/riboseq/ribo_25_eIF4G3_minusAux_minusHarr_4h_rep1_R1.fastq.gz,,eIF4G3_4h
ribo_26_eIF4G3_minusAux_minusHarr_4h_rep2_R1,eIF4G3,4h,minusAux,2,ribo,/path/to/data/riboseq/ribo_26_eIF4G3_minusAux_minusHarr_4h_rep2_R1.fastq.gz,,eIF4G3_4h
ribo_27_eIF4G3_minusAux_minusHarr_4h_rep3_R1,eIF4G3,4h,minusAux,3,ribo,/path/to/data/riboseq/ribo_27_eIF4G3_minusAux_minusHarr_4h_rep3_R1.fastq.gz,,eIF4G3_4h
ribo_28_eIF4G3_plusAux_minusHarr_4h_rep1_R1,eIF4G3,4h,plusAux,1,ribo,/path/to/data/riboseq/ribo_28_eIF4G3_plusAux_minusHarr_4h_rep1_R1.fastq.gz,,eIF4G3_4h
ribo_29_eIF4G3_plusAux_minusHarr_4h_rep2_R1,eIF4G3,4h,plusAux,2,ribo,/path/to/data/riboseq/ribo_29_eIF4G3_plusAux_minusHarr_4h_rep2_R1.fastq.gz,,eIF4G3_4h
ribo_30_eIF4G3_plusAux_minusHarr_4h_rep3_R1,eIF4G3,4h,plusAux,3,ribo,/path/to/data/riboseq/ribo_30_eIF4G3_plusAux_minusHarr_4h_rep3_R1.fastq.gz,,eIF4G3_4h
ribo_31_eIF3d_minusAux_minusHarr_8h_rep1_R1,eIF3d,8h,minusAux,1,ribo,/path/to/data/riboseq/ribo_31_eIF3d_minusAux_minusHarr_8h_rep1_R1.fastq.gz,,eIF3d_8h
ribo_32_eIF3d_minusAux_minusHarr_8h_rep2_R1,eIF3d,8h,minusAux,2,ribo,/path/to/data/riboseq/ribo_32_eIF3d_minusAux_minusHarr_8h_rep2_R1.fastq.gz,,eIF3d_8h
ribo_33_eIF3d_minusAux_minusHarr_8h_rep3_R1,eIF3d,8h,minusAux,3,ribo,/path/to/data/riboseq/ribo_33_eIF3d_minusAux_minusHarr_8h_rep3_R1.fastq.gz,,eIF3d_8h
ribo_34_eIF3d_plusAux_minusHarr_8h_rep1_R1,eIF3d,8h,plusAux,1,ribo,/path/to/data/riboseq/ribo_34_eIF3d_plusAux_minusHarr_8h_rep1_R1.fastq.gz,,eIF3d_8h
ribo_35_eIF3d_plusAux_minusHarr_8h_rep2_R1,eIF3d,8h,plusAux,2,ribo,/path/to/data/riboseq/ribo_35_eIF3d_plusAux_minusHarr_8h_rep2_R1.fastq.gz,,eIF3d_8h
ribo_36_eIF3d_plusAux_minusHarr_8h_rep3_R1,eIF3d,8h,plusAux,3,ribo,/path/to/data/riboseq/ribo_36_eIF3d_plusAux_minusHarr_8h_rep3_R1.fastq.gz,,eIF3d_8h
ribo_37_eIF4E_minusAux_minusHarr_8h_rep1_R1,eIF4E,8h,minusAux,1,ribo,/path/to/data/riboseq/ribo_37_eIF4E_minusAux_minusHarr_8h_rep1_R1.fastq.gz,,eIF4E_8h
ribo_38_eIF4E_minusAux_minusHarr_8h_rep2_R1,eIF4E,8h,minusAux,2,ribo,/path/to/data/riboseq/ribo_38_eIF4E_minusAux_minusHarr_8h_rep2_R1.fastq.gz,,eIF4E_8h
ribo_39_eIF4E_minusAux_minusHarr_8h_rep3_R1,eIF4E,8h,minusAux,3,ribo,/path/to/data/riboseq/ribo_39_eIF4E_minusAux_minusHarr_8h_rep3_R1.fastq.gz,,eIF4E_8h
ribo_40_eIF4E_plusAux_minusHarr_8h_rep1_R1,eIF4E,8h,plusAux,1,ribo,/path/to/data/riboseq/ribo_40_eIF4E_plusAux_minusHarr_8h_rep1_R1.fastq.gz,,eIF4E_8h
ribo_41_eIF4E_plusAux_minusHarr_8h_rep2_R1,eIF4E,8h,plusAux,2,ribo,/path/to/data/riboseq/ribo_41_eIF4E_plusAux_minusHarr_8h_rep2_R1.fastq.gz,,eIF4E_8h
ribo_42_eIF4E_plusAux_minusHarr_8h_rep3_R1,eIF4E,8h,plusAux,3,ribo,/path/to/data/riboseq/ribo_42_eIF4E_plusAux_minusHarr_8h_rep3_R1.fastq.gz,,eIF4E_8h
ribo_43_eIF4G1_minusAux_minusHarr_8h_rep1_R1,eIF4G1,8h,minusAux,1,ribo,/path/to/data/riboseq/ribo_43_eIF4G1_minusAux_minusHarr_8h_rep1_R1.fastq.gz,,eIF4G1_8h
ribo_44_eIF4G1_minusAux_minusHarr_8h_rep2_R1,eIF4G1,8h,minusAux,2,ribo,/path/to/data/riboseq/ribo_44_eIF4G1_minusAux_minusHarr_8h_rep2_R1.fastq.gz,,eIF4G1_8h
ribo_45_eIF4G1_minusAux_minusHarr_8h_rep3_R1,eIF4G1,8h,minusAux,3,ribo,/path/to/data/riboseq/ribo_45_eIF4G1_minusAux_minusHarr_8h_rep3_R1.fastq.gz,,eIF4G1_8h
ribo_46_eIF4G1_plusAux_minusHarr_8h_rep1_R1,eIF4G1,8h,plusAux,1,ribo,/path/to/data/riboseq/ribo_46_eIF4G1_plusAux_minusHarr_8h_rep1_R1.fastq.gz,,eIF4G1_8h
ribo_47_eIF4G1_plusAux_minusHarr_8h_rep2_R1,eIF4G1,8h,plusAux,2,ribo,/path/to/data/riboseq/ribo_47_eIF4G1_plusAux_minusHarr_8h_rep2_R1.fastq.gz,,eIF4G1_8h
ribo_48_eIF4G1_plusAux_minusHarr_8h_rep3_R1,eIF4G1,8h,plusAux,3,ribo,/path/to/data/riboseq/ribo_48_eIF4G1_plusAux_minusHarr_8h_rep3_R1.fastq.gz,,eIF4G1_8h
ribo_49_eIF4G2_minusAux_minusHarr_8h_rep1_R1,eIF4G2,8h,minusAux,1,ribo,/path/to/data/riboseq/ribo_49_eIF4G2_minusAux_minusHarr_8h_rep1_R1.fastq.gz,,eIF4G2_8h
ribo_50_eIF4G2_minusAux_minusHarr_8h_rep2_R1,eIF4G2,8h,minusAux,2,ribo,/path/to/data/riboseq/ribo_50_eIF4G2_minusAux_minusHarr_8h_rep2_R1.fastq.gz,,eIF4G2_8h
ribo_51_eIF4G2_minusAux_minusHarr_8h_rep3_R1,eIF4G2,8h,minusAux,3,ribo,/path/to/data/riboseq/ribo_51_eIF4G2_minusAux_minusHarr_8h_rep3_R1.fastq.gz,,eIF4G2_8h
ribo_52_eIF4G2_plusAux_minusHarr_8h_rep1_R1,eIF4G2,8h,plusAux,1,ribo,/path/to/data/riboseq/ribo_52_eIF4G2_plusAux_minusHarr_8h_rep1_R1.fastq.gz,,eIF4G2_8h
ribo_53_eIF4G2_plusAux_minusHarr_8h_rep2_R1,eIF4G2,8h,plusAux,2,ribo,/path/to/data/riboseq/ribo_53_eIF4G2_plusAux_minusHarr_8h_rep2_R1.fastq.gz,,eIF4G2_8h
ribo_54_eIF4G2_plusAux_minusHarr_8h_rep3_R1,eIF4G2,8h,plusAux,3,ribo,/path/to/data/riboseq/ribo_54_eIF4G2_plusAux_minusHarr_8h_rep3_R1.fastq.gz,,eIF4G2_8h
ribo_55_eIF4G3_minusAux_minusHarr_8h_rep1_R1,eIF4G3,8h,minusAux,1,ribo,/path/to/data/riboseq/ribo_55_eIF4G3_minusAux_minusHarr_8h_rep1_R1.fastq.gz,,eIF4G3_8h
ribo_56_eIF4G3_minusAux_minusHarr_8h_rep2_R1,eIF4G3,8h,minusAux,2,ribo,/path/to/data/riboseq/ribo_56_eIF4G3_minusAux_minusHarr_8h_rep2_R1.fastq.gz,,eIF4G3_8h
ribo_57_eIF4G3_minusAux_minusHarr_8h_rep3_R1,eIF4G3,8h,minusAux,3,ribo,/path/to/data/riboseq/ribo_57_eIF4G3_minusAux_minusHarr_8h_rep3_R1.fastq.gz,,eIF4G3_8h
ribo_58_eIF4G3_plusAux_minusHarr_8h_rep1_R1,eIF4G3,8h,plusAux,1,ribo,/path/to/data/riboseq/ribo_58_eIF4G3_plusAux_minusHarr_8h_rep1_R1.fastq.gz,,eIF4G3_8h
ribo_59_eIF4G3_plusAux_minusHarr_8h_rep2_R1,eIF4G3,8h,plusAux,2,ribo,/path/to/data/riboseq/ribo_59_eIF4G3_plusAux_minusHarr_8h_rep2_R1.fastq.gz,,eIF4G3_8h
ribo_60_eIF4G3_plusAux_minusHarr_8h_rep3_R1,eIF4G3,8h,plusAux,3,ribo,/path/to/data/riboseq/ribo_60_eIF4G3_plusAux_minusHarr_8h_rep3_R1.fastq.gz,,eIF4G3_8h
total_01_eIF3d_minusAux_minusHarr_4h_rep1,eIF3d,4h,minusAux,1,rna,/path/to/data/rnaseq/total_01_eIF3d_minusAux_minusHarr_4h_rep1_R1.fastq.gz,/path/to/data/rnaseq/total_01_eIF3d_minusAux_minusHarr_4h_rep1_R2.fastq.gz,eIF3d_4h
total_02_eIF3d_minusAux_minusHarr_4h_rep2,eIF3d,4h,minusAux,2,rna,/path/to/data/rnaseq/total_02_eIF3d_minusAux_minusHarr_4h_rep2_R1.fastq.gz,/path/to/data/rnaseq/total_02_eIF3d_minusAux_minusHarr_4h_rep2_R2.fastq.gz,eIF3d_4h
total_03_eIF3d_minusAux_minusHarr_4h_rep3,eIF3d,4h,minusAux,3,rna,/path/to/data/rnaseq/total_03_eIF3d_minusAux_minusHarr_4h_rep3_R1.fastq.gz,/path/to/data/rnaseq/total_03_eIF3d_minusAux_minusHarr_4h_rep3_R2.fastq.gz,eIF3d_4h
total_04_eIF3d_plusAux_minusHarr_4h_rep1,eIF3d,4h,plusAux,1,rna,/path/to/data/rnaseq/total_04_eIF3d_plusAux_minusHarr_4h_rep1_R1.fastq.gz,/path/to/data/rnaseq/total_04_eIF3d_plusAux_minusHarr_4h_rep1_R2.fastq.gz,eIF3d_4h
total_05_eIF3d_plusAux_minusHarr_4h_rep2,eIF3d,4h,plusAux,2,rna,/path/to/data/rnaseq/total_05_eIF3d_plusAux_minusHarr_4h_rep2_R1.fastq.gz,/path/to/data/rnaseq/total_05_eIF3d_plusAux_minusHarr_4h_rep2_R2.fastq.gz,eIF3d_4h
total_06_eIF3d_plusAux_minusHarr_4h_rep3,eIF3d,4h,plusAux,3,rna,/path/to/data/rnaseq/total_06_eIF3d_plusAux_minusHarr_4h_rep3_R1.fastq.gz,/path/to/data/rnaseq/total_06_eIF3d_plusAux_minusHarr_4h_rep3_R2.fastq.gz,eIF3d_4h
total_07_eIF4E_minusAux_minusHarr_4h_rep1,eIF4E,4h,minusAux,1,rna,/path/to/data/rnaseq/total_07_eIF4E_minusAux_minusHarr_4h_rep1_R1.fastq.gz,/path/to/data/rnaseq/total_07_eIF4E_minusAux_minusHarr_4h_rep1_R2.fastq.gz,eIF4E_4h
total_08_eIF4E_minusAux_minusHarr_4h_rep2,eIF4E,4h,minusAux,2,rna,/path/to/data/rnaseq/total_08_eIF4E_minusAux_minusHarr_4h_rep2_R1.fastq.gz,/path/to/data/rnaseq/total_08_eIF4E_minusAux_minusHarr_4h_rep2_R2.fastq.gz,eIF4E_4h
total_09_eIF4E_minusAux_minusHarr_4h_rep3,eIF4E,4h,minusAux,3,rna,/path/to/data/rnaseq/total_09_eIF4E_minusAux_minusHarr_4h_rep3_R1.fastq.gz,/path/to/data/rnaseq/total_09_eIF4E_minusAux_minusHarr_4h_rep3_R2.fastq.gz,eIF4E_4h
total_10_eIF4E_plusAux_minusHarr_4h_rep1,eIF4E,4h,plusAux,1,rna,/path/to/data/rnaseq/total_10_eIF4E_plusAux_minusHarr_4h_rep1_R1.fastq.gz,/path/to/data/rnaseq/total_10_eIF4E_plusAux_minusHarr_4h_rep1_R2.fastq.gz,eIF4E_4h
total_11_eIF4E_plusAux_minusHarr_4h_rep2,eIF4E,4h,plusAux,2,rna,/path/to/data/rnaseq/total_11_eIF4E_plusAux_minusHarr_4h_rep2_R1.fastq.gz,/path/to/data/rnaseq/total_11_eIF4E_plusAux_minusHarr_4h_rep2_R2.fastq.gz,eIF4E_4h
total_12_eIF4E_plusAux_minusHarr_4h_rep3,eIF4E,4h,plusAux,3,rna,/path/to/data/rnaseq/total_12_eIF4E_plusAux_minusHarr_4h_rep3_R1.fastq.gz,/path/to/data/rnaseq/total_12_eIF4E_plusAux_minusHarr_4h_rep3_R2.fastq.gz,eIF4E_4h
total_13_eIF4G1_minusAux_minusHarr_4h_rep1,eIF4G1,4h,minusAux,1,rna,/path/to/data/rnaseq/total_13_eIF4G1_minusAux_minusHarr_4h_rep1_R1.fastq.gz,/path/to/data/rnaseq/total_13_eIF4G1_minusAux_minusHarr_4h_rep1_R2.fastq.gz,eIF4G1_4h
total_14_eIF4G1_minusAux_minusHarr_4h_rep2,eIF4G1,4h,minusAux,2,rna,/path/to/data/rnaseq/total_14_eIF4G1_minusAux_minusHarr_4h_rep2_R1.fastq.gz,/path/to/data/rnaseq/total_14_eIF4G1_minusAux_minusHarr_4h_rep2_R2.fastq.gz,eIF4G1_4h
total_15_eIF4G1_minusAux_minusHarr_4h_rep3,eIF4G1,4h,minusAux,3,rna,/path/to/data/rnaseq/total_15_eIF4G1_minusAux_minusHarr_4h_rep3_R1.fastq.gz,/path/to/data/rnaseq/total_15_eIF4G1_minusAux_minusHarr_4h_rep3_R2.fastq.gz,eIF4G1_4h
total_16_eIF4G1_plusAux_minusHarr_4h_rep1,eIF4G1,4h,plusAux,1,rna,/path/to/data/rnaseq/total_16_eIF4G1_plusAux_minusHarr_4h_rep1_R1.fastq.gz,/path/to/data/rnaseq/total_16_eIF4G1_plusAux_minusHarr_4h_rep1_R2.fastq.gz,eIF4G1_4h
total_17_eIF4G1_plusAux_minusHarr_4h_rep2,eIF4G1,4h,plusAux,2,rna,/path/to/data/rnaseq/total_17_eIF4G1_plusAux_minusHarr_4h_rep2_R1.fastq.gz,/path/to/data/rnaseq/total_17_eIF4G1_plusAux_minusHarr_4h_rep2_R2.fastq.gz,eIF4G1_4h
total_18_eIF4G1_plusAux_minusHarr_4h_rep3,eIF4G1,4h,plusAux,3,rna,/path/to/data/rnaseq/total_18_eIF4G1_plusAux_minusHarr_4h_rep3_R1.fastq.gz,/path/to/data/rnaseq/total_18_eIF4G1_plusAux_minusHarr_4h_rep3_R2.fastq.gz,eIF4G1_4h
total_19_eIF4G2_minusAux_minusHarr_4h_rep1,eIF4G2,4h,minusAux,1,rna,/path/to/data/rnaseq/total_19_eIF4G2_minusAux_minusHarr_4h_rep1_R1.fastq.gz,/path/to/data/rnaseq/total_19_eIF4G2_minusAux_minusHarr_4h_rep1_R2.fastq.gz,eIF4G2_4h
total_20_eIF4G2_minusAux_minusHarr_4h_rep2,eIF4G2,4h,minusAux,2,rna,/path/to/data/rnaseq/total_20_eIF4G2_minusAux_minusHarr_4h_rep2_R1.fastq.gz,/path/to/data/rnaseq/total_20_eIF4G2_minusAux_minusHarr_4h_rep2_R2.fastq.gz,eIF4G2_4h
total_21_eIF4G2_minusAux_minusHarr_4h_rep3,eIF4G2,4h,minusAux,3,rna,/path/to/data/rnaseq/total_21_eIF4G2_minusAux_minusHarr_4h_rep3_R1.fastq.gz,/path/to/data/rnaseq/total_21_eIF4G2_minusAux_minusHarr_4h_rep3_R2.fastq.gz,eIF4G2_4h
total_22_eIF4G2_plusAux_minusHarr_4h_rep1,eIF4G2,4h,plusAux,1,rna,/path/to/data/rnaseq/total_22_eIF4G2_plusAux_minusHarr_4h_rep1_R1.fastq.gz,/path/to/data/rnaseq/total_22_eIF4G2_plusAux_minusHarr_4h_rep1_R2.fastq.gz,eIF4G2_4h
total_23_eIF4G2_plusAux_minusHarr_4h_rep2,eIF4G2,4h,plusAux,2,rna,/path/to/data/rnaseq/total_23_eIF4G2_plusAux_minusHarr_4h_rep2_R1.fastq.gz,/path/to/data/rnaseq/total_23_eIF4G2_plusAux_minusHarr_4h_rep2_R2.fastq.gz,eIF4G2_4h
total_24_eIF4G2_plusAux_minusHarr_4h_rep3,eIF4G2,4h,plusAux,3,rna,/path/to/data/rnaseq/total_24_eIF4G2_plusAux_minusHarr_4h_rep3_R1.fastq.gz,/path/to/data/rnaseq/total_24_eIF4G2_plusAux_minusHarr_4h_rep3_R2.fastq.gz,eIF4G2_4h
total_25_eIF4G3_minusAux_minusHarr_4h_rep1,eIF4G3,4h,minusAux,1,rna,/path/to/data/rnaseq/total_25_eIF4G3_minusAux_minusHarr_4h_rep1_R1.fastq.gz,/path/to/data/rnaseq/total_25_eIF4G3_minusAux_minusHarr_4h_rep1_R2.fastq.gz,eIF4G3_4h
total_26_eIF4G3_minusAux_minusHarr_4h_rep2,eIF4G3,4h,minusAux,2,rna,/path/to/data/rnaseq/total_26_eIF4G3_minusAux_minusHarr_4h_rep2_R1.fastq.gz,/path/to/data/rnaseq/total_26_eIF4G3_minusAux_minusHarr_4h_rep2_R2.fastq.gz,eIF4G3_4h
total_27_eIF4G3_minusAux_minusHarr_4h_rep3,eIF4G3,4h,minusAux,3,rna,/path/to/data/rnaseq/total_27_eIF4G3_minusAux_minusHarr_4h_rep3_R1.fastq.gz,/path/to/data/rnaseq/total_27_eIF4G3_minusAux_minusHarr_4h_rep3_R2.fastq.gz,eIF4G3_4h
total_28_eIF4G3_plusAux_minusHarr_4h_rep1,eIF4G3,4h,plusAux,1,rna,/path/to/data/rnaseq/total_28_eIF4G3_plusAux_minusHarr_4h_rep1_R1.fastq.gz,/path/to/data/rnaseq/total_28_eIF4G3_plusAux_minusHarr_4h_rep1_R2.fastq.gz,eIF4G3_4h
total_29_eIF4G3_plusAux_minusHarr_4h_rep2,eIF4G3,4h,plusAux,2,rna,/path/to/data/rnaseq/total_29_eIF4G3_plusAux_minusHarr_4h_rep2_R1.fastq.gz,/path/to/data/rnaseq/total_29_eIF4G3_plusAux_minusHarr_4h_rep2_R2.fastq.gz,eIF4G3_4h
total_30_eIF4G3_plusAux_minusHarr_4h_rep3,eIF4G3,4h,plusAux,3,rna,/path/to/data/rnaseq/total_30_eIF4G3_plusAux_minusHarr_4h_rep3_R1.fastq.gz,/path/to/data/rnaseq/total_30_eIF4G3_plusAux_minusHarr_4h_rep3_R2.fastq.gz,eIF4G3_4h
total_31_eIF3d_minusAux_minusHarr_8h_rep1,eIF3d,8h,minusAux,1,rna,/path/to/data/rnaseq/total_31_eIF3d_minusAux_minusHarr_8h_rep1_R1.fastq.gz,/path/to/data/rnaseq/total_31_eIF3d_minusAux_minusHarr_8h_rep1_R2.fastq.gz,eIF3d_8h
total_32_eIF3d_minusAux_minusHarr_8h_rep2,eIF3d,8h,minusAux,2,rna,/path/to/data/rnaseq/total_32_eIF3d_minusAux_minusHarr_8h_rep2_R1.fastq.gz,/path/to/data/rnaseq/total_32_eIF3d_minusAux_minusHarr_8h_rep2_R2.fastq.gz,eIF3d_8h
total_33_eIF3d_minusAux_minusHarr_8h_rep3,eIF3d,8h,minusAux,3,rna,/path/to/data/rnaseq/total_33_eIF3d_minusAux_minusHarr_8h_rep3_R1.fastq.gz,/path/to/data/rnaseq/total_33_eIF3d_minusAux_minusHarr_8h_rep3_R2.fastq.gz,eIF3d_8h
total_34_eIF3d_plusAux_minusHarr_8h_rep1,eIF3d,8h,plusAux,1,rna,/path/to/data/rnaseq/total_34_eIF3d_plusAux_minusHarr_8h_rep1_R1.fastq.gz,/path/to/data/rnaseq/total_34_eIF3d_plusAux_minusHarr_8h_rep1_R2.fastq.gz,eIF3d_8h
total_35_eIF3d_plusAux_minusHarr_8h_rep2,eIF3d,8h,plusAux,2,rna,/path/to/data/rnaseq/total_35_eIF3d_plusAux_minusHarr_8h_rep2_R1.fastq.gz,/path/to/data/rnaseq/total_35_eIF3d_plusAux_minusHarr_8h_rep2_R2.fastq.gz,eIF3d_8h
total_36_eIF3d_plusAux_minusHarr_8h_rep3,eIF3d,8h,plusAux,3,rna,/path/to/data/rnaseq/total_36_eIF3d_plusAux_minusHarr_8h_rep3_R1.fastq.gz,/path/to/data/rnaseq/total_36_eIF3d_plusAux_minusHarr_8h_rep3_R2.fastq.gz,eIF3d_8h
total_37_eIF4E_minusAux_minusHarr_8h_rep1,eIF4E,8h,minusAux,1,rna,/path/to/data/rnaseq/total_37_eIF4E_minusAux_minusHarr_8h_rep1_R1.fastq.gz,/path/to/data/rnaseq/total_37_eIF4E_minusAux_minusHarr_8h_rep1_R2.fastq.gz,eIF4E_8h
total_38_eIF4E_minusAux_minusHarr_8h_rep2,eIF4E,8h,minusAux,2,rna,/path/to/data/rnaseq/total_38_eIF4E_minusAux_minusHarr_8h_rep2_R1.fastq.gz,/path/to/data/rnaseq/total_38_eIF4E_minusAux_minusHarr_8h_rep2_R2.fastq.gz,eIF4E_8h
total_39_eIF4E_minusAux_minusHarr_8h_rep3,eIF4E,8h,minusAux,3,rna,/path/to/data/rnaseq/total_39_eIF4E_minusAux_minusHarr_8h_rep3_R1.fastq.gz,/path/to/data/rnaseq/total_39_eIF4E_minusAux_minusHarr_8h_rep3_R2.fastq.gz,eIF4E_8h
total_40_eIF4E_plusAux_minusHarr_8h_rep1,eIF4E,8h,plusAux,1,rna,/path/to/data/rnaseq/total_40_eIF4E_plusAux_minusHarr_8h_rep1_R1.fastq.gz,/path/to/data/rnaseq/total_40_eIF4E_plusAux_minusHarr_8h_rep1_R2.fastq.gz,eIF4E_8h
total_41_eIF4E_plusAux_minusHarr_8h_rep2,eIF4E,8h,plusAux,2,rna,/path/to/data/rnaseq/total_41_eIF4E_plusAux_minusHarr_8h_rep2_R1.fastq.gz,/path/to/data/rnaseq/total_41_eIF4E_plusAux_minusHarr_8h_rep2_R2.fastq.gz,eIF4E_8h
total_42_eIF4E_plusAux_minusHarr_8h_rep3,eIF4E,8h,plusAux,3,rna,/path/to/data/rnaseq/total_42_eIF4E_plusAux_minusHarr_8h_rep3_R1.fastq.gz,/path/to/data/rnaseq/total_42_eIF4E_plusAux_minusHarr_8h_rep3_R2.fastq.gz,eIF4E_8h
total_43_eIF4G1_minusAux_minusHarr_8h_rep1,eIF4G1,8h,minusAux,1,rna,/path/to/data/rnaseq/total_43_eIF4G1_minusAux_minusHarr_8h_rep1_R1.fastq.gz,/path/to/data/rnaseq/total_43_eIF4G1_minusAux_minusHarr_8h_rep1_R2.fastq.gz,eIF4G1_8h
total_44_eIF4G1_minusAux_minusHarr_8h_rep2,eIF4G1,8h,minusAux,2,rna,/path/to/data/rnaseq/total_44_eIF4G1_minusAux_minusHarr_8h_rep2_R1.fastq.gz,/path/to/data/rnaseq/total_44_eIF4G1_minusAux_minusHarr_8h_rep2_R2.fastq.gz,eIF4G1_8h
total_45_eIF4G1_minusAux_minusHarr_8h_rep3,eIF4G1,8h,minusAux,3,rna,/path/to/data/rnaseq/total_45_eIF4G1_minusAux_minusHarr_8h_rep3_R1.fastq.gz,/path/to/data/rnaseq/total_45_eIF4G1_minusAux_minusHarr_8h_rep3_R2.fastq.gz,eIF4G1_8h
total_46_eIF4G1_plusAux_minusHarr_8h_rep1,eIF4G1,8h,plusAux,1,rna,/path/to/data/rnaseq/total_46_eIF4G1_plusAux_minusHarr_8h_rep1_R1.fastq.gz,/path/to/data/rnaseq/total_46_eIF4G1_plusAux_minusHarr_8h_rep1_R2.fastq.gz,eIF4G1_8h
total_47_eIF4G1_plusAux_minusHarr_8h_rep2,eIF4G1,8h,plusAux,2,rna,/path/to/data/rnaseq/total_47_eIF4G1_plusAux_minusHarr_8h_rep2_R1.fastq.gz,/path/to/data/rnaseq/total_47_eIF4G1_plusAux_minusHarr_8h_rep2_R2.fastq.gz,eIF4G1_8h
total_48_eIF4G1_plusAux_minusHarr_8h_rep3,eIF4G1,8h,plusAux,3,rna,/path/to/data/rnaseq/total_48_eIF4G1_plusAux_minusHarr_8h_rep3_R1.fastq.gz,/path/to/data/rnaseq/total_48_eIF4G1_plusAux_minusHarr_8h_rep3_R2.fastq.gz,eIF4G1_8h
total_49_eIF4G2_minusAux_minusHarr_8h_rep1,eIF4G2,8h,minusAux,1,rna,/path/to/data/rnaseq/total_49_eIF4G2_minusAux_minusHarr_8h_rep1_R1.fastq.gz,/path/to/data/rnaseq/total_49_eIF4G2_minusAux_minusHarr_8h_rep1_R2.fastq.gz,eIF4G2_8h
total_50_eIF4G2_minusAux_minusHarr_8h_rep2,eIF4G2,8h,minusAux,2,rna,/path/to/data/rnaseq/total_50_eIF4G2_minusAux_minusHarr_8h_rep2_R1.fastq.gz,/path/to/data/rnaseq/total_50_eIF4G2_minusAux_minusHarr_8h_rep2_R2.fastq.gz,eIF4G2_8h
total_51_eIF4G2_minusAux_minusHarr_8h_rep3,eIF4G2,8h,minusAux,3,rna,/path/to/data/rnaseq/total_51_eIF4G2_minusAux_minusHarr_8h_rep3_R1.fastq.gz,/path/to/data/rnaseq/total_51_eIF4G2_minusAux_minusHarr_8h_rep3_R2.fastq.gz,eIF4G2_8h
total_52_eIF4G2_plusAux_minusHarr_8h_rep1,eIF4G2,8h,plusAux,1,rna,/path/to/data/rnaseq/total_52_eIF4G2_plusAux_minusHarr_8h_rep1_R1.fastq.gz,/path/to/data/rnaseq/total_52_eIF4G2_plusAux_minusHarr_8h_rep1_R2.fastq.gz,eIF4G2_8h
total_53_eIF4G2_plusAux_minusHarr_8h_rep2,eIF4G2,8h,plusAux,2,rna,/path/to/data/rnaseq/total_53_eIF4G2_plusAux_minusHarr_8h_rep2_R1.fastq.gz,/path/to/data/rnaseq/total_53_eIF4G2_plusAux_minusHarr_8h_rep2_R2.fastq.gz,eIF4G2_8h
total_54_eIF4G2_plusAux_minusHarr_8h_rep3,eIF4G2,8h,plusAux,3,rna,/path/to/data/rnaseq/total_54_eIF4G2_plusAux_minusHarr_8h_rep3_R1.fastq.gz,/path/to/data/rnaseq/total_54_eIF4G2_plusAux_minusHarr_8h_rep3_R2.fastq.gz,eIF4G2_8h
total_55_eIF4G3_minusAux_minusHarr_8h_rep1,eIF4G3,8h,minusAux,1,rna,/path/to/data/rnaseq/total_55_eIF4G3_minusAux_minusHarr_8h_rep1_R1.fastq.gz,/path/to/data/rnaseq/total_55_eIF4G3_minusAux_minusHarr_8h_rep1_R2.fastq.gz,eIF4G3_8h
total_56_eIF4G3_minusAux_minusHarr_8h_rep2,eIF4G3,8h,minusAux,2,rna,/path/to/data/rnaseq/total_56_eIF4G3_minusAux_minusHarr_8h_rep2_R1.fastq.gz,/path/to/data/rnaseq/total_56_eIF4G3_minusAux_minusHarr_8h_rep2_R2.fastq.gz,eIF4G3_8h
total_57_eIF4G3_minusAux_minusHarr_8h_rep3,eIF4G3,8h,minusAux,3,rna,/path/to/data/rnaseq/total_57_eIF4G3_minusAux_minusHarr_8h_rep3_R1.fastq.gz,/path/to/data/rnaseq/total_57_eIF4G3_minusAux_minusHarr_8h_rep3_R2.fastq.gz,eIF4G3_8h
total_58_eIF4G3_plusAux_minusHarr_8h_rep1,eIF4G3,8h,plusAux,1,rna,/path/to/data/rnaseq/total_58_eIF4G3_plusAux_minusHarr_8h_rep1_R1.fastq.gz,/path/to/data/rnaseq/total_58_eIF4G3_plusAux_minusHarr_8h_rep1_R2.fastq.gz,eIF4G3_8h
total_59_eIF4G3_plusAux_minusHarr_8h_rep2,eIF4G3,8h,plusAux,2,rna,/path/to/data/rnaseq/total_59_eIF4G3_plusAux_minusHarr_8h_rep2_R1.fastq.gz,/path/to/data/rnaseq/total_59_eIF4G3_plusAux_minusHarr_8h_rep2_R2.fastq.gz,eIF4G3_8h
total_60_eIF4G3_plusAux_minusHarr_8h_rep3,eIF4G3,8h,plusAux,3,rna,/path/to/data/rnaseq/total_60_eIF4G3_plusAux_minusHarr_8h_rep3_R1.fastq.gz,/path/to/data/rnaseq/total_60_eIF4G3_plusAux_minusHarr_8h_rep3_R2.fastq.gz,eIF4G3_8h
